{"cameraMode":{"drawMode":0,"name":"Shaded","section":"Shading Mode"},"sceneLighting":false,"audioPlay":false,"sceneViewState":{"showFog":true,"showMaterialUpdate":false,"showSkybox":true,"showFlares":true,"showImageEffects":true,"showParticleSystems":true},"in2DMode":false,"pivot":{"x":18.500896453857423,"y":45.933799743652347,"z":18.12470245361328},"rotation":{"x":0.6208475828170776,"y":0.04929344728589058,"z":-0.03916524723172188,"w":0.781400203704834},"size":33.18547058105469,"orthographic":false}